file	all	nonSym	cladeC	cladeD
DRR024466_symbCounts.tsv	1113482	1109678	1926	1878
DRR024467_symbCounts.tsv	1186706	1182477	2089	2140
DRR024468_symbCounts.tsv	1067800	1063418	2187	2195
DRR024469_symbCounts.tsv	3996361	3991643	2553	2165
DRR024470_symbCounts.tsv	3949070	3943864	2811	2395
DRR024471_symbCounts.tsv	5354771	5348933	3147	2691
DRR024472_symbCounts.tsv	1197922	1191363	3217	3342
DRR024473_symbCounts.tsv	963290	957482	2837	2971
DRR024474_symbCounts.tsv	1598100	1592816	2648	2636
DRR024475_symbCounts.tsv	2334052	2329717	2391	1944
DRR024476_symbCounts.tsv	3916445	3910370	3223	2852
DRR024477_symbCounts.tsv	3594320	3589415	2655	2250
DRR024478_symbCounts.tsv	1159041	1154097	2448	2496
DRR024479_symbCounts.tsv	1335646	1329717	2951	2978
DRR024480_symbCounts.tsv	1318438	1313840	2327	2271
DRR054772_symbCounts.tsv	29766573	20092371	9608095	66107
DRR054773_symbCounts.tsv	29210907	29202786	5296	2825
DRR054774_symbCounts.tsv	22145842	9883465	12204801	57576
DRR054775_symbCounts.tsv	22599167	22592964	4153	2050
DRR055154_symbCounts.tsv	40366466	40366041	203	222
DRR055155_symbCounts.tsv	35704073	35703624	203	246
DRR055156_symbCounts.tsv	32167683	32167373	139	171
DRR055157_symbCounts.tsv	35127148	35126742	209	197
DRR108013_symbCounts.tsv	22131407	14831179	7274449	25779
DRR108014_symbCounts.tsv	34418614	25972961	8399719	45934
DRR108015_symbCounts.tsv	16560585	10332830	6203594	24161
DRR108016_symbCounts.tsv	17284703	12199051	5054880	30772
DRR108017_symbCounts.tsv	14138886	8172745	5943316	22825
DRR108018_symbCounts.tsv	19877441	14132335	5725411	19695
DRR108019_symbCounts.tsv	12285160	7731733	4531265	22162
DRR108020_symbCounts.tsv	16181504	10025749	6130488	25267
DRR108021_symbCounts.tsv	14372619	8808864	5539146	24609
DRR108022_symbCounts.tsv	18652770	13097010	5531637	24123
DRR108023_symbCounts.tsv	17956376	12564673	5365617	26086
DRR119956_symbCounts.tsv	17326821	17325285	200	1336
DRR119957_symbCounts.tsv	19976604	19974588	237	1779
DRR119958_symbCounts.tsv	19159742	19158823	231	688
DRR119959_symbCounts.tsv	19054514	19053593	181	740
DRR119960_symbCounts.tsv	19284858	19151747	131983	1128
DRR119961_symbCounts.tsv	20817368	20522523	293290	1555
DRR119962_symbCounts.tsv	20759821	20293552	464553	1716
DRR119963_symbCounts.tsv	20887367	20876502	308	10557
DRR119964_symbCounts.tsv	20052247	18249461	14106	1788680
DRR119965_symbCounts.tsv	19737083	18100310	10008	1626765
DRR119966_symbCounts.tsv	19789314	14982989	26091	4780234
DRR119967_symbCounts.tsv	18398412	14353128	22992	4022292
s100_S137_symbCounts.tsv	275496	269890	5487	119
s101_S138_symbCounts.tsv	332013	312403	19442	168
s102_S139_symbCounts.tsv	387977	368324	19463	190
s104_S140_symbCounts.tsv	257584	237044	20379	161
s105_S141_symbCounts.tsv	262458	245291	17021	146
s106_S142_symbCounts.tsv	431748	404026	27544	178
s107_S143_symbCounts.tsv	288504	270119	18233	152
s108_S144_symbCounts.tsv	300171	268653	31323	195
s10_S48_symbCounts.tsv	295510	277503	17841	166
s110_S145_symbCounts.tsv	269255	250330	18779	146
s111_S146_symbCounts.tsv	269735	245553	24021	161
s112_S147_symbCounts.tsv	244984	240018	4847	119
s113_S148_symbCounts.tsv	266674	255580	10961	133
s114_S149_symbCounts.tsv	230813	209699	20965	149
s115_S150_symbCounts.tsv	257488	250820	6540	128
s116_S151_symbCounts.tsv	302475	294953	7392	130
s117_S152_symbCounts.tsv	310429	306336	3962	131
s118_S153_symbCounts.tsv	239986	232983	6874	129
s119_S154_symbCounts.tsv	273491	256003	17344	144
s11_S49_symbCounts.tsv	265426	245419	19851	156
s120_S155_symbCounts.tsv	245720	234408	11175	137
s121_S156_symbCounts.tsv	314552	307550	6877	125
s122_S157_symbCounts.tsv	463193	434881	28109	203
s123_S158_symbCounts.tsv	504595	491407	13018	170
s125_S159_symbCounts.tsv	251331	235039	16151	141
s126_S160_symbCounts.tsv	286028	255478	30394	156
s127_S161_symbCounts.tsv	259943	247402	12382	159
s128_S162_symbCounts.tsv	285632	273327	12151	154
s129_S163_symbCounts.tsv	283606	273056	10414	136
s12_S50_symbCounts.tsv	257436	230952	26322	162
s130_S164_symbCounts.tsv	320202	298457	21569	176
s131_S165_symbCounts.tsv	282101	275699	6269	133
s132_S166_symbCounts.tsv	308618	294774	13693	151
s133_S167_symbCounts.tsv	229817	204250	25379	188
s134_S168_symbCounts.tsv	223964	192421	31360	183
s135_S169_symbCounts.tsv	229557	200280	29091	186
s136_S170_symbCounts.tsv	180544	166446	13971	127
s137_S171_symbCounts.tsv	275017	267852	7029	136
s138_S172_symbCounts.tsv	304422	300049	4246	127
s139_S173_symbCounts.tsv	295905	267773	27963	169
s13_S51_symbCounts.tsv	353241	329835	23224	182
s140_S174_symbCounts.tsv	268206	236954	31075	177
s141_S175_symbCounts.tsv	292716	281878	10683	155
s142_S176_symbCounts.tsv	323299	305322	17821	156
s143_S177_symbCounts.tsv	352514	341999	10377	138
s144_S178_symbCounts.tsv	346335	320667	25518	150
s145_S179_symbCounts.tsv	382182	350806	31189	187
s146_S180_symbCounts.tsv	343153	312442	30538	173
s147_S181_symbCounts.tsv	370778	350998	19613	167
s148_S182_symbCounts.tsv	355458	343539	11773	146
s149_S183_symbCounts.tsv	257631	247967	9527	137
s14_S52_symbCounts.tsv	322263	304256	17836	171
s150_S184_symbCounts.tsv	254132	233961	20013	158
s151_S185_symbCounts.tsv	280646	258578	21919	149
s152_S186_symbCounts.tsv	362773	343435	19168	170
s153_S187_symbCounts.tsv	384915	367723	17025	167
s154_S188_symbCounts.tsv	359507	342531	16805	171
s155_S189_symbCounts.tsv	332581	317012	15409	160
s156_S190_symbCounts.tsv	370192	357743	12299	150
s157_S191_symbCounts.tsv	282407	269182	13086	139
s158_S192_symbCounts.tsv	244457	230357	13961	139
s159_S193_symbCounts.tsv	274225	270586	3515	124
s15_S53_symbCounts.tsv	306804	276749	29873	182
s160_S194_symbCounts.tsv	407421	371460	35745	216
s161_S195_symbCounts.tsv	350481	326894	23402	185
s162_S196_symbCounts.tsv	335639	299978	35487	174
s163_S197_symbCounts.tsv	368593	332284	36127	182
s164_S198_symbCounts.tsv	311560	280757	30605	198
s165_S199_symbCounts.tsv	349855	324460	25214	181
s166_S200_symbCounts.tsv	343963	332395	11442	126
s167_S201_symbCounts.tsv	336948	323939	12873	136
s168_S202_symbCounts.tsv	340251	302045	38015	191
s169_S203_symbCounts.tsv	362122	336001	25944	177
s16_S54_symbCounts.tsv	384086	376914	7023	149
s170_S204_symbCounts.tsv	349253	327214	21864	175
s171_S205_symbCounts.tsv	429730	407970	21594	166
s172_S206_symbCounts.tsv	314960	286968	27818	174
s173_S207_symbCounts.tsv	280873	262576	18142	155
s176_S208_symbCounts.tsv	348094	337063	10873	158
s177_S209_symbCounts.tsv	270001	257595	12269	137
s17_S55_symbCounts.tsv	371960	356681	15121	158
s181_S210_symbCounts.tsv	322886	287840	34863	183
s182_S211_symbCounts.tsv	333668	318582	14934	152
s183_S212_symbCounts.tsv	298415	275384	22862	169
s18_S56_symbCounts.tsv	354176	339271	14741	164
s190_S213_symbCounts.tsv	303681	297641	5902	138
s191_S214_symbCounts.tsv	318712	307156	11397	159
s192_S215_symbCounts.tsv	221431	211932	9355	144
s19_S57_symbCounts.tsv	297180	270534	26462	184
s1_S39_symbCounts.tsv	331935	320235	11536	164
s20_S58_symbCounts.tsv	277426	232278	44938	210
s21_S59_symbCounts.tsv	282317	257620	24525	172
s22_S60_symbCounts.tsv	337059	324302	12612	145
s23_S61_symbCounts.tsv	364866	351452	13260	154
s24_S62_symbCounts.tsv	389567	362750	26637	180
s25_S63_symbCounts.tsv	359318	339894	19256	168
s26_S64_symbCounts.tsv	321308	316083	5103	122
s27_S65_symbCounts.tsv	300199	293529	6546	124
s28_S66_symbCounts.tsv	275590	256451	18992	147
s29_S67_symbCounts.tsv	311803	288252	23383	168
s2_S40_symbCounts.tsv	293640	280482	13013	145
s30_S68_symbCounts.tsv	405752	394325	11276	151
s31_S69_symbCounts.tsv	331581	313634	17785	162
s32_S70_symbCounts.tsv	384649	368247	16218	184
s33_S71_symbCounts.tsv	302614	301800	695	119
s34_S72_symbCounts.tsv	317341	315548	1675	118
s35_S73_symbCounts.tsv	259711	258520	1082	109
s37_S74_symbCounts.tsv	305420	297912	7356	152
s38_S75_symbCounts.tsv	321183	301861	19168	154
s39_S76_symbCounts.tsv	153088	140649	12289	150
s3_S41_symbCounts.tsv	279551	267381	12025	145
s40_S77_symbCounts.tsv	344130	326424	17546	160
s41_S78_symbCounts.tsv	370430	348676	21586	168
s42_S79_symbCounts.tsv	303330	287037	16125	168
s43_S80_symbCounts.tsv	320867	315171	5570	126
s44_S81_symbCounts.tsv	188162	182978	5095	89
s45_S82_symbCounts.tsv	271760	269670	1990	100
s46_S83_symbCounts.tsv	398841	375386	23290	165
s47_S84_symbCounts.tsv	337753	315639	21935	179
s48_S85_symbCounts.tsv	307563	290897	16497	169
s49_S86_symbCounts.tsv	354469	348272	6071	126
s4_S42_symbCounts.tsv	314224	306817	7270	137
s50_S87_symbCounts.tsv	353833	348971	4731	131
s51_S88_symbCounts.tsv	335777	333878	1783	116
s52_S89_symbCounts.tsv	350701	349775	813	113
s53_S90_symbCounts.tsv	398769	398209	453	107
s54_S91_symbCounts.tsv	347183	346619	459	105
s55_S92_symbCounts.tsv	370323	343767	26371	185
s56_S93_symbCounts.tsv	356806	318483	38125	198
s57_S94_symbCounts.tsv	362096	339132	22792	172
s58_S95_symbCounts.tsv	292506	281121	11252	133
s59_S96_symbCounts.tsv	304159	285689	18320	150
s5_S43_symbCounts.tsv	312078	296083	15838	157
s60_S97_symbCounts.tsv	279647	264120	15375	152
s61_S98_symbCounts.tsv	330276	323298	6841	137
s62_S99_symbCounts.tsv	356784	342076	14550	158
s63_S100_symbCounts.tsv	316524	298102	18269	153
s64_S101_symbCounts.tsv	328094	305690	22243	161
s65_S102_symbCounts.tsv	346111	329598	16346	167
s66_S103_symbCounts.tsv	274554	273142	1316	96
s67_S104_symbCounts.tsv	300935	297684	3143	108
s68_S105_symbCounts.tsv	325616	311769	13691	156
s69_S106_symbCounts.tsv	317529	310295	7104	130
s6_S44_symbCounts.tsv	296029	269033	26831	165
s70_S107_symbCounts.tsv	344644	327609	16876	159
s71_S108_symbCounts.tsv	410440	403756	6549	135
s72_S109_symbCounts.tsv	319321	306465	12709	147
s73_S110_symbCounts.tsv	333685	327113	6426	146
s74_S111_symbCounts.tsv	300566	283824	16598	144
s75_S112_symbCounts.tsv	281145	265929	15068	148
s76_S113_symbCounts.tsv	310306	293931	16230	145
s77_S114_symbCounts.tsv	287393	262818	24410	165
s78_S115_symbCounts.tsv	297241	275819	21257	165
s79_S116_symbCounts.tsv	325395	322305	2984	106
s7_S45_symbCounts.tsv	322647	316218	6302	127
s80_S117_symbCounts.tsv	318001	316535	1356	110
s81_S118_symbCounts.tsv	315392	311365	3901	126
s82_S119_symbCounts.tsv	351917	346409	5366	142
s83_S120_symbCounts.tsv	314474	304336	9993	145
s84_S121_symbCounts.tsv	314522	300568	13813	141
s85_S122_symbCounts.tsv	277290	272561	4587	142
s86_S123_symbCounts.tsv	244975	240030	4815	130
s87_S124_symbCounts.tsv	254272	244306	9821	145
s88_S125_symbCounts.tsv	270711	267144	3459	108
s89_S126_symbCounts.tsv	281581	273567	7868	146
s8_S46_symbCounts.tsv	312652	293463	19029	160
s90_S127_symbCounts.tsv	269951	266352	3478	121
s91_S128_symbCounts.tsv	298997	282488	16359	150
s92_S129_symbCounts.tsv	294237	276625	17449	163
s93_S130_symbCounts.tsv	309149	292585	16407	157
s94_S131_symbCounts.tsv	255674	240540	14988	146
s95_S132_symbCounts.tsv	277045	266148	10756	141
s96_S133_symbCounts.tsv	345903	334512	11251	140
s97_S134_symbCounts.tsv	283798	273656	9997	145
s98_S135_symbCounts.tsv	230959	222364	8469	126
s99_S136_symbCounts.tsv	234814	223618	11050	146
s9_S47_symbCounts.tsv	312626	293540	18901	185
SRR1015298_symbCounts.tsv	1423456	1422004	855	597
SRR1015321_symbCounts.tsv	1427846	1424050	2210	1586
SRR1015323_symbCounts.tsv	1836367	1832143	2410	1814
SRR1015325_symbCounts.tsv	2943242	2935947	3927	3368
SRR1015327_symbCounts.tsv	3515578	3511024	2623	1931
SRR1015331_symbCounts.tsv	2723159	2721371	1060	728
SRR1015340_symbCounts.tsv	1224363	1220110	2329	1924
SRR1015344_symbCounts.tsv	603641	599666	2913	1062
SRR1015349_symbCounts.tsv	1227301	1225660	957	684
SRR1015354_symbCounts.tsv	1379623	1377719	1100	804
SRR1015358_symbCounts.tsv	3241237	3234946	3467	2824
SRR1206126_symbCounts.tsv	5459	4825	13	621
SRR1206127_symbCounts.tsv	258632	219115	924	38593
SRR1206128_symbCounts.tsv	171700	147113	486	24101
SRR1206129_symbCounts.tsv	17343	15480	63	1800
SRR1206130_symbCounts.tsv	56500	49398	224	6878
SRR1206131_symbCounts.tsv	204611	175351	647	28613
SRR1206132_symbCounts.tsv	19931	17007	2869	55
SRR1206133_symbCounts.tsv	49952	42822	7016	114
SRR1206134_symbCounts.tsv	112787	97437	12741	2609
SRR1206135_symbCounts.tsv	13594	11773	1783	38
SRR1206136_symbCounts.tsv	8420	7436	974	10
SRR1206137_symbCounts.tsv	10076	8223	1689	164
SRR1566164_symbCounts.tsv	4502994	4502764	119	111
SRR1566165_symbCounts.tsv	4718359	4718205	82	72
SRR1566166_symbCounts.tsv	4646480	4646262	122	96
SRR1566167_symbCounts.tsv	4653836	4653694	61	81
SRR1566168_symbCounts.tsv	4702586	4702411	84	91
SRR1566169_symbCounts.tsv	4135892	4135733	83	76
SRR1653608_symbCounts.tsv	2601164	2212066	387388	1710
SRR1653611_symbCounts.tsv	2502016	2165430	335047	1539
SRR1653613_symbCounts.tsv	1028254	886560	141267	427
SRR1653615_symbCounts.tsv	1667854	1494957	172282	615
SRR1654664_symbCounts.tsv	3452832	2921095	530687	1050
SRR1654665_symbCounts.tsv	5374708	4719164	654099	1445
SRR1703716_symbCounts.tsv	9648133	8469657	1175471	3005
SRR1703717_symbCounts.tsv	7912276	6631163	1278252	2861
SRR1703718_symbCounts.tsv	8797035	7368576	1425288	3171
SRR1706955_symbCounts.tsv	13793100	11348552	2439566	4982
SRR1812166_symbCounts.tsv	3266215	2431241	7535	827439
SRR1812167_symbCounts.tsv	3319009	2556180	18724	744105
SRR1812168_symbCounts.tsv	3228721	2462106	7019	759596
SRR1812169_symbCounts.tsv	2491838	2222004	7508	262326
SRR1812170_symbCounts.tsv	3506276	2925644	5076	575556
SRR1812171_symbCounts.tsv	3123931	2427620	544535	151776
SRR1812172_symbCounts.tsv	3745872	3100958	6042	638872
SRR1812173_symbCounts.tsv	3438531	2598459	51705	788367
SRR1812174_symbCounts.tsv	3110140	2463664	4138	642338
SRR1812175_symbCounts.tsv	2450898	1684796	7005	759097
SRR1812176_symbCounts.tsv	2565557	1809516	48032	708009
SRR1812177_symbCounts.tsv	2720232	1943983	7979	768270
SRR1812178_symbCounts.tsv	3411395	2588385	10488	812522
SRR1812179_symbCounts.tsv	2229893	1903389	4509	321995
SRR1812180_symbCounts.tsv	2654120	2178909	4784	470427
SRR1812181_symbCounts.tsv	2977366	2002921	805571	168874
SRR1812182_symbCounts.tsv	3450332	2759494	4865	685973
SRR1812183_symbCounts.tsv	1885747	1387292	35986	462469
SRR1812184_symbCounts.tsv	2993705	2106657	6413	880635
SRR1812185_symbCounts.tsv	2799730	1974732	5650	819348
SRR1812186_symbCounts.tsv	3145657	2478495	466136	201026
SRR1812187_symbCounts.tsv	4012087	3153695	806215	52177
SRR1812188_symbCounts.tsv	2825385	2184370	469535	171480
SRR1812189_symbCounts.tsv	3550157	2878747	6270	665140
SRR1812190_symbCounts.tsv	3717532	3023069	5116	689347
SRR1812191_symbCounts.tsv	3511790	2750796	757269	3725
SRR1812192_symbCounts.tsv	4156113	3050206	1099168	6739
SRR1812193_symbCounts.tsv	3661975	2897775	757903	6297
SRR1812194_symbCounts.tsv	3476486	2393454	781459	301573
SRR1812195_symbCounts.tsv	2879764	2210046	544184	125534
SRR1812196_symbCounts.tsv	3038018	2606447	351146	80425
SRR1812197_symbCounts.tsv	2523858	2027441	350429	145988
SRR1812198_symbCounts.tsv	3358019	2793229	6402	558388
SRR1812199_symbCounts.tsv	3741644	2952601	5663	783380
SRR1812200_symbCounts.tsv	2960815	2064627	891719	4469
SRR1812201_symbCounts.tsv	2933016	2048352	876479	8185
SRR1812202_symbCounts.tsv	2660582	2141228	514820	4534
SRR1812203_symbCounts.tsv	2873002	1454811	1119218	298973
SRR1812204_symbCounts.tsv	3223229	2546055	7088	670086
SRR1812205_symbCounts.tsv	3478735	2434978	6344	1037413
SRR1812206_symbCounts.tsv	2920742	2278057	5405	637280
SRR1812207_symbCounts.tsv	3096401	2416834	7043	672524
SRR1812208_symbCounts.tsv	3338729	2714811	5301	618617
SRR1812209_symbCounts.tsv	3193693	2431751	753976	7966
SRR1812210_symbCounts.tsv	3760301	2919509	5702	835090
SRR1812211_symbCounts.tsv	4019284	3345651	6920	666713
SRR1812212_symbCounts.tsv	3466240	2830126	4537	631577
SRR1812213_symbCounts.tsv	3623032	2819980	5742	797310
SRR1812214_symbCounts.tsv	2602462	1891406	6555	704501
SRR1812215_symbCounts.tsv	2762763	2124860	5862	632041
SRR1812216_symbCounts.tsv	2949470	2068522	6902	874046
SRR1812217_symbCounts.tsv	2380210	1976518	5496	398196
SRR1812218_symbCounts.tsv	3044128	2213332	6751	824045
SRR1812219_symbCounts.tsv	2724324	1864794	854315	5215
SRR1812220_symbCounts.tsv	2616982	2144241	4174	468567
SRR1812221_symbCounts.tsv	2650981	2132746	4241	513994
SRR1812222_symbCounts.tsv	2442939	1974237	4850	463852
SRR1812223_symbCounts.tsv	3104571	2624732	3986	475853
SRR1812224_symbCounts.tsv	3228622	2557091	476817	194714
SRR1812225_symbCounts.tsv	3254145	2311898	786414	155833
SRR1812226_symbCounts.tsv	3112609	2478228	561840	72541
SRR1812227_symbCounts.tsv	2872660	2052376	815350	4934
SRR1812228_symbCounts.tsv	3862695	3431015	4459	427221
SRR1812229_symbCounts.tsv	3297965	2264428	1029209	4328
SRR1812230_symbCounts.tsv	3607612	2861608	4794	741210
SRR1812231_symbCounts.tsv	2972000	2281854	684756	5390
SRR1812232_symbCounts.tsv	3856611	2651208	1198193	7210
SRR1812233_symbCounts.tsv	3049704	2337843	551130	160731
SRR1812234_symbCounts.tsv	2978669	2081232	719343	178094
SRR1812235_symbCounts.tsv	2936717	2286347	568386	81984
SRR1812236_symbCounts.tsv	3469882	2214705	1249887	5290
SRR1812237_symbCounts.tsv	3054240	2307734	5282	741224
SRR1812238_symbCounts.tsv	3034064	2352462	676825	4777
SRR1812239_symbCounts.tsv	2694326	2096092	4380	593854
SRR1812240_symbCounts.tsv	2567287	1925576	633579	8132
SRR1812241_symbCounts.tsv	2686934	1606859	1074434	5641
SRR1812242_symbCounts.tsv	3485511	2771102	5988	708421
SRR1812243_symbCounts.tsv	2575869	1950979	4681	620209
SRR1812244_symbCounts.tsv	3087443	2705165	3879	378399
SRR1812245_symbCounts.tsv	3469992	3174200	3750	292042
SRR1812246_symbCounts.tsv	3239731	2821482	5543	412706
SRR1812247_symbCounts.tsv	3709812	2822383	682466	204963
SRR1812248_symbCounts.tsv	1661060	1309867	5364	345829
SRR1812249_symbCounts.tsv	2998837	2321854	29057	647926
SRR1812250_symbCounts.tsv	3144588	2515468	4486	624634
SRR1812251_symbCounts.tsv	2828973	2119550	4320	705103
SRR1812252_symbCounts.tsv	4068292	3248295	9118	810879
SRR1812253_symbCounts.tsv	2620180	2130509	5220	484451
SRR1812254_symbCounts.tsv	3350653	2691873	5491	653289
SRR1812255_symbCounts.tsv	2580437	2299155	5354	275928
SRR1812256_symbCounts.tsv	2776651	2277139	5576	493936
SRR1812257_symbCounts.tsv	3140131	2404970	576987	158174
SRR1812258_symbCounts.tsv	3049707	1979717	5970	1064020
SRR1812259_symbCounts.tsv	2748509	1978106	191459	578944
SRR1812260_symbCounts.tsv	4348297	3290221	8954	1049122
SRR1812261_symbCounts.tsv	2619322	1833101	6439	779782
SRR1812262_symbCounts.tsv	3842098	3222524	517907	101667
SRR1812263_symbCounts.tsv	2857426	2242175	568166	47085
SRR1812264_symbCounts.tsv	3659538	2896123	606540	156875
SRR1812265_symbCounts.tsv	3728474	2917919	11018	799537
SRR1812266_symbCounts.tsv	3427889	2858316	4812	564761
SRR1812267_symbCounts.tsv	2570125	1923506	640381	6238
SRR1812268_symbCounts.tsv	4645171	3663620	974051	7500
SRR1812269_symbCounts.tsv	3600329	2857357	737014	5958
SRR1812270_symbCounts.tsv	3337850	2156925	1137209	43716
SRR1812271_symbCounts.tsv	3559704	2533830	720611	305263
SRR1812272_symbCounts.tsv	2714236	2278162	374885	61189
SRR1812273_symbCounts.tsv	3054751	2399333	393238	262180
SRR1812274_symbCounts.tsv	2537380	2325327	3220	208833
SRR1812275_symbCounts.tsv	3594908	2930901	6037	657970
SRR1812276_symbCounts.tsv	3741379	2500058	1235026	6295
SRR1812277_symbCounts.tsv	3387703	2707629	674897	5177
SRR1812278_symbCounts.tsv	3012626	2273674	735151	3801
SRR1812279_symbCounts.tsv	3400950	2739140	622380	39430
SRR1812280_symbCounts.tsv	3054339	2515766	5080	533493
SRR1812281_symbCounts.tsv	3032153	2203548	5735	822870
SRR1812282_symbCounts.tsv	3061714	2563818	4027	493869
SRR1812283_symbCounts.tsv	3616372	3272499	4471	339402
SRR1812284_symbCounts.tsv	2539858	2162099	3889	373870
SRR1812285_symbCounts.tsv	3463410	2750623	707750	5037
SRR1812286_symbCounts.tsv	3322490	2622085	5388	695017
SRR1812287_symbCounts.tsv	2985229	2356653	4429	624147
SRR1812288_symbCounts.tsv	2614943	1966104	5001	643838
SRR1812289_symbCounts.tsv	2829989	2222846	4285	602858
SRR1812290_symbCounts.tsv	1010117	750309	2732	257076
SRR1812291_symbCounts.tsv	2955366	2306976	6764	641626
SRR1812292_symbCounts.tsv	3255466	2674485	5559	575422
SRR1812293_symbCounts.tsv	2685826	2323511	5110	357205
SRR1812294_symbCounts.tsv	2816432	1805983	7371	1003078
SRR1812295_symbCounts.tsv	2363250	1890277	469513	3460
SRR1812296_symbCounts.tsv	3645209	2600748	8004	1036457
SRR1812297_symbCounts.tsv	3920306	2982557	6066	931683
SRR1812298_symbCounts.tsv	3167920	2284883	4874	878163
SRR1812299_symbCounts.tsv	3785405	3017783	5663	761959
SRR1812300_symbCounts.tsv	2267436	1886696	270494	110246
SRR1812301_symbCounts.tsv	2772185	2174197	480394	117594
SRR1812302_symbCounts.tsv	3181666	2523091	571394	87181
SRR1812303_symbCounts.tsv	2608816	2051598	551014	6204
SRR1812304_symbCounts.tsv	3366897	2561438	5398	800061
SRR1812305_symbCounts.tsv	2864942	2257889	602216	4837
SRR1812306_symbCounts.tsv	2471046	2120467	4507	346072
SRR1812307_symbCounts.tsv	3621043	2748898	802177	69968
SRR1812308_symbCounts.tsv	2844663	2218404	622153	4106
SRR1812309_symbCounts.tsv	3399802	2871212	401196	127394
SRR1812310_symbCounts.tsv	2769455	2118763	404333	246359
SRR1812311_symbCounts.tsv	3566800	2860022	571081	135697
SRR1812312_symbCounts.tsv	2676825	1759747	908596	8482
SRR1812313_symbCounts.tsv	3098279	2543955	3916	550408
SRR1812314_symbCounts.tsv	2642022	1975414	662063	4545
SRR1812315_symbCounts.tsv	2352821	1844071	4032	504718
SRR1812316_symbCounts.tsv	2795912	2310825	480088	4999
SRR1812317_symbCounts.tsv	2857869	2024089	825603	8177
SRR1842722_symbCounts.tsv	8177804	8177606	90	108
SRR1842771_symbCounts.tsv	8069645	8069452	83	110
SRR1842773_symbCounts.tsv	8417194	8416973	92	129
SRR1842776_symbCounts.tsv	7472477	7472322	73	82
SRR1842777_symbCounts.tsv	7659850	7659677	83	90
SRR1842828_symbCounts.tsv	7272727	7272538	85	104
SRR1843797_symbCounts.tsv	12483193	12478765	4138	290
SRR1853176_symbCounts.tsv	12351721	11146099	1198410	7212
SRR1853185_symbCounts.tsv	14354868	13161516	1190537	2815
SRR1853188_symbCounts.tsv	15013027	13390881	1618298	3848
SRR1853192_symbCounts.tsv	14791949	13411077	1377861	3011
SRR1853195_symbCounts.tsv	15817860	14614040	1200536	3284
SRR1853198_symbCounts.tsv	16434313	15000771	1430361	3181
SRR1853201_symbCounts.tsv	15436384	14074208	1358397	3779
SRR1853204_symbCounts.tsv	16070107	14468448	1598370	3289
SRR1853208_symbCounts.tsv	16052020	14610935	1437820	3265
SRR1853209_symbCounts.tsv	15491433	13972658	1515174	3601
SRR1853210_symbCounts.tsv	14863352	12956957	1902419	3976
SRR1853211_symbCounts.tsv	13090841	11895840	1191488	3513
SRR1853246_symbCounts.tsv	12200494	10594785	1602019	3690
SRR1853247_symbCounts.tsv	15128305	13850258	1274717	3330
SRR1853248_symbCounts.tsv	14828100	13445831	1378760	3509
SRR1853249_symbCounts.tsv	14006871	12651400	1352104	3367
SRR1853250_symbCounts.tsv	15020034	13589912	1426364	3758
SRR1853251_symbCounts.tsv	13143278	11980031	1160225	3022
SRR1853252_symbCounts.tsv	14764128	13457362	1303748	3018
SRR1853253_symbCounts.tsv	12884695	11490342	1391196	3157
SRR1853254_symbCounts.tsv	12322166	11226494	1092823	2849
SRR1929581_symbCounts.tsv	448526	434388	13960	178
SRR1929582_symbCounts.tsv	431392	416539	14697	156
SRR1929583_symbCounts.tsv	285345	280566	4673	106
SRR1929584_symbCounts.tsv	592047	547916	43906	225
SRR1929585_symbCounts.tsv	333005	310880	21961	164
SRR1929586_symbCounts.tsv	344425	317488	26763	174
SRR1929587_symbCounts.tsv	246449	233170	13140	139
SRR1929588_symbCounts.tsv	256546	247573	8856	117
SRR1929589_symbCounts.tsv	225448	212432	12866	150
SRR1929590_symbCounts.tsv	436637	383974	52452	211
SRR1929591_symbCounts.tsv	443875	397013	46656	206
SRR1929592_symbCounts.tsv	572569	521489	50837	243
SRR1929593_symbCounts.tsv	239779	204844	34716	219
SRR1929594_symbCounts.tsv	221516	199480	21830	206
SRR1929595_symbCounts.tsv	197562	174189	23098	275
SRR1929596_symbCounts.tsv	525934	461409	64137	388
SRR1929597_symbCounts.tsv	653921	567135	86368	418
SRR1929598_symbCounts.tsv	800668	728408	71852	408
SRR1929599_symbCounts.tsv	292043	261411	30372	260
SRR1929600_symbCounts.tsv	320803	297921	22675	207
SRR1929601_symbCounts.tsv	319213	291587	27411	215
SRR1929602_symbCounts.tsv	642666	590555	51829	282
SRR1929603_symbCounts.tsv	599428	534748	64315	365
SRR1929604_symbCounts.tsv	551817	504245	47258	314
SRR1929605_symbCounts.tsv	620900	620482	318	100
SRR1929606_symbCounts.tsv	557462	557022	360	80
SRR1929607_symbCounts.tsv	286130	285881	173	76
SRR1929608_symbCounts.tsv	295034	294788	174	72
SRR1929609_symbCounts.tsv	300831	300578	177	76
SRR1929610_symbCounts.tsv	203032	202805	158	69
SRR1929611_symbCounts.tsv	347831	347501	254	76
SRR1929612_symbCounts.tsv	466137	465641	419	77
SRR1929613_symbCounts.tsv	252272	252017	189	66
SRR1929614_symbCounts.tsv	293434	293119	238	77
SRR1929615_symbCounts.tsv	295468	295184	212	72
SRR1929616_symbCounts.tsv	312996	312721	200	75
SRR1929617_symbCounts.tsv	334916	334588	247	81
SRR1929618_symbCounts.tsv	201155	200754	334	67
SRR1929619_symbCounts.tsv	196469	196191	217	61
SRR1929620_symbCounts.tsv	181645	181418	165	62
SRR1929621_symbCounts.tsv	381484	381141	260	83
SRR1929622_symbCounts.tsv	383916	383578	259	79
SRR1929623_symbCounts.tsv	188878	188694	125	59
SRR1929624_symbCounts.tsv	173808	173599	147	62
SRR1929625_symbCounts.tsv	194102	193889	147	66
SRR1929626_symbCounts.tsv	368044	367647	307	90
SRR1929627_symbCounts.tsv	389186	388815	284	87
SRR1929628_symbCounts.tsv	306187	305905	209	73
SRR1929629_symbCounts.tsv	360807	360519	208	80
SRR1929630_symbCounts.tsv	279752	279488	184	80
SRR1929631_symbCounts.tsv	330004	329689	230	85
SRR1929632_symbCounts.tsv	267753	267451	230	72
SRR1929633_symbCounts.tsv	418566	418254	241	71
SRR1929634_symbCounts.tsv	193109	192831	210	68
SRR2086157_symbCounts.tsv	13402646	11176955	2220855	4836
SRR2086158_symbCounts.tsv	13114581	10540035	2569517	5029
SRR2086159_symbCounts.tsv	12684168	9396006	3282509	5653
SRR2086160_symbCounts.tsv	13923915	10350732	3566397	6786
SRR2086161_symbCounts.tsv	15096292	11853761	3236360	6171
SRR2086162_symbCounts.tsv	13371919	10482885	2883172	5862
SRR2912590_symbCounts.tsv	138312	138248	52	12
SRR2912591_symbCounts.tsv	163078	163013	43	22
SRR2912592_symbCounts.tsv	154742	154677	46	19
SRR2912593_symbCounts.tsv	170125	170048	58	19
SRR2912594_symbCounts.tsv	334	333	1	0
SRR2912595_symbCounts.tsv	128679	128617	45	17
SRR2912596_symbCounts.tsv	166709	166641	47	21
SRR2912597_symbCounts.tsv	147046	146990	38	18
SRR2912598_symbCounts.tsv	222085	222012	51	22
SRR2912599_symbCounts.tsv	91929	91878	32	19
SRR2912600_symbCounts.tsv	192803	192713	65	25
SRR2912601_symbCounts.tsv	169695	169644	33	18
SRR2912602_symbCounts.tsv	87679	87637	35	7
SRR2912603_symbCounts.tsv	126250	126208	24	18
SRR2912604_symbCounts.tsv	101464	101418	30	16
SRR2912605_symbCounts.tsv	135220	135175	30	15
SRR2912606_symbCounts.tsv	169598	169542	34	22
SRR2912607_symbCounts.tsv	160420	160361	43	16
SRR3095777_symbCounts.tsv	21983853	15011868	6961420	10565
SRR3095778_symbCounts.tsv	21211231	14940451	6261842	8938
SRR3095779_symbCounts.tsv	22043082	15472402	6562360	8320
SRR3095780_symbCounts.tsv	21294115	13933876	7350498	9741
SRR3106384_symbCounts.tsv	17096986	17096798	83	105
SRR3106385_symbCounts.tsv	14248679	14248531	81	67
SRR3106386_symbCounts.tsv	15583222	15583084	87	51
SRR3106387_symbCounts.tsv	21253883	21253717	88	78
SRR3106388_symbCounts.tsv	18370853	18370703	91	59
SRR3106389_symbCounts.tsv	16366117	16365994	70	53
SRR3106390_symbCounts.tsv	18425783	18425580	82	121
SRR3106391_symbCounts.tsv	18359144	18358826	136	182
SRR3106392_symbCounts.tsv	18178542	18178322	91	129
SRR3106393_symbCounts.tsv	16471452	16471193	141	118
SRR3106394_symbCounts.tsv	15523664	15523433	123	108
SRR3106395_symbCounts.tsv	10848392	10848208	98	86
SRR3106396_symbCounts.tsv	18432227	18431951	133	143
SRR3106397_symbCounts.tsv	11930387	11929800	243	344
SRR3106398_symbCounts.tsv	13448008	13447706	130	172
SRR3106399_symbCounts.tsv	16718240	16717996	119	125
SRR3169421_symbCounts.tsv	232757	216959	15602	196
SRR3169422_symbCounts.tsv	472903	441660	30987	256
SRR3169423_symbCounts.tsv	388879	352388	36233	258
SRR3169425_symbCounts.tsv	729571	646462	82714	395
SRR3169426_symbCounts.tsv	640692	541838	98559	295
SRR3169518_symbCounts.tsv	570058	515104	54689	265
SRR3169527_symbCounts.tsv	496507	447254	48916	337
SRR3169528_symbCounts.tsv	630805	573435	56926	444
SRR3169529_symbCounts.tsv	260997	240662	20134	201
SRR3169530_symbCounts.tsv	479427	423803	55380	244
SRR3169531_symbCounts.tsv	423500	391061	32192	247
SRR3169532_symbCounts.tsv	480643	392992	87373	278
SRR3169533_symbCounts.tsv	452713	397173	54493	1047
SRR3169534_symbCounts.tsv	501765	471269	30238	258
SRR3169535_symbCounts.tsv	368736	335290	33184	262
SRR3169536_symbCounts.tsv	39230	36037	3092	101
SRR3169537_symbCounts.tsv	491766	421769	69701	296
SRR3169538_symbCounts.tsv	300385	278212	21951	222
SRR3169539_symbCounts.tsv	295471	250910	44361	200
SRR3169540_symbCounts.tsv	344750	318945	25601	204
SRR3169541_symbCounts.tsv	279489	262954	16321	214
SRR3182410_symbCounts.tsv	295403	274540	20654	209
SRR3182448_symbCounts.tsv	381656	342407	38979	270
SRR3182557_symbCounts.tsv	273515	249057	24229	229
SRR3182684_symbCounts.tsv	501750	459837	41635	278
SRR3182685_symbCounts.tsv	109594	97951	11491	152
SRR3182686_symbCounts.tsv	382584	350011	32320	253
SRR3182775_symbCounts.tsv	578290	492917	85074	299
SRR3182776_symbCounts.tsv	153071	137522	15345	204
SRR3182777_symbCounts.tsv	61752	57541	4040	171
SRR3182778_symbCounts.tsv	246010	224068	21744	198
SRR3182779_symbCounts.tsv	314403	283491	30663	249
SRR3182780_symbCounts.tsv	138327	128998	9160	169
SRR3182781_symbCounts.tsv	189786	177505	12110	171
SRR3182784_symbCounts.tsv	258942	240290	18473	179
SRR3182785_symbCounts.tsv	325094	287711	37125	258
SRR3182786_symbCounts.tsv	59534	55022	4392	120
SRR3182787_symbCounts.tsv	434218	395685	38309	224
SRR3182788_symbCounts.tsv	721330	670424	50647	259
SRR3182789_symbCounts.tsv	638018	590877	46793	348
SRR3182790_symbCounts.tsv	212679	197887	14602	190
SRR3182791_symbCounts.tsv	709738	639595	69858	285
SRR3182792_symbCounts.tsv	460401	430597	29584	220
SRR3182793_symbCounts.tsv	467753	431306	36215	232
SRR3182794_symbCounts.tsv	247290	232230	14867	193
SRR3316332_symbCounts.tsv	14026727	11712935	2307635	6157
SRR3316333_symbCounts.tsv	16128577	13164463	2957768	6346
SRR3316334_symbCounts.tsv	14592707	11978744	2606507	7456
SRR3316335_symbCounts.tsv	15882019	12821514	3052041	8464
SRR3316336_symbCounts.tsv	17148305	14262721	2877384	8200
SRR3316337_symbCounts.tsv	18600143	15940012	2653200	6931
SRR3316338_symbCounts.tsv	15973592	15971335	2047	210
SRR3316339_symbCounts.tsv	16468764	13851970	2609182	7612
SRR3316340_symbCounts.tsv	17324742	14810130	2507098	7514
SRR3316341_symbCounts.tsv	16185006	13801351	2376936	6719
SRR3316342_symbCounts.tsv	16145925	13481238	2657351	7336
SRR3316343_symbCounts.tsv	15726023	13064358	2653879	7786
SRR3622488_symbCounts.tsv	53790	50934	2765	91
SRR3622490_symbCounts.tsv	87665	83016	4552	97
SRR3622491_symbCounts.tsv	17738	9122	8517	99
SRR3622493_symbCounts.tsv	90495	85579	4805	111
SRR3622496_symbCounts.tsv	28185	4543	23468	174
SRR3622499_symbCounts.tsv	61510	59191	2219	100
SRR3622503_symbCounts.tsv	60377	58756	1525	96
SRR3622506_symbCounts.tsv	84637	82080	2456	101
SRR3622509_symbCounts.tsv	101359	95628	5621	110
SRR3622512_symbCounts.tsv	142432	132244	9966	222
SRR3622513_symbCounts.tsv	96113	91444	4463	206
SRR3622516_symbCounts.tsv	131267	126273	717	4277
SRR3622519_symbCounts.tsv	154793	148527	1383	4883
SRR3622522_symbCounts.tsv	113816	107561	293	5962
SRR3622526_symbCounts.tsv	54203	52950	178	1075
SRR3622529_symbCounts.tsv	109237	105398	3641	198
SRR3622532_symbCounts.tsv	59417	55709	3554	154
SRR3622536_symbCounts.tsv	132722	128470	4142	110
SRR3622539_symbCounts.tsv	124473	119197	5158	118
SRR3622542_symbCounts.tsv	42346	39105	3153	88
SRR3622545_symbCounts.tsv	82701	77722	1615	3364
SRR3622546_symbCounts.tsv	95383	91803	3472	108
SRR3622549_symbCounts.tsv	109385	105671	3605	109
SRR3622553_symbCounts.tsv	52403	49150	3158	95
SRR3622555_symbCounts.tsv	14330	9422	4810	98
SRR3622559_symbCounts.tsv	19797	2130	17558	109
SRR3622578_symbCounts.tsv	147107	139156	1596	6355
SRR3622588_symbCounts.tsv	76151	73413	2652	86
SRR3622592_symbCounts.tsv	81697	78304	3298	95
SRR3622595_symbCounts.tsv	101173	97101	3968	104
SRR3622598_symbCounts.tsv	143882	134072	9677	133
SRR3622603_symbCounts.tsv	153604	143646	9807	151
SRR3622606_symbCounts.tsv	151275	141068	10068	139
SRR3622609_symbCounts.tsv	116250	111800	614	3836
SRR3622612_symbCounts.tsv	154354	148655	399	5300
SRR3622613_symbCounts.tsv	103576	99634	439	3503
SRR3622616_symbCounts.tsv	118794	113990	611	4193
SRR3622619_symbCounts.tsv	172766	163004	298	9464
SRR3622622_symbCounts.tsv	115747	110703	282	4762
SRR3622626_symbCounts.tsv	204231	193654	418	10159
SRR3622629_symbCounts.tsv	160439	150829	9144	466
SRR3622632_symbCounts.tsv	199956	190530	9189	237
SRR3622636_symbCounts.tsv	108454	103059	5285	110
SRR3622639_symbCounts.tsv	169854	157465	12235	154
SRR3622642_symbCounts.tsv	144293	135029	9149	115
SRR3622645_symbCounts.tsv	97375	92327	237	4811
SRR3622646_symbCounts.tsv	146095	135747	10221	127
SRR3622649_symbCounts.tsv	87150	82322	4728	100
SRR3622652_symbCounts.tsv	227388	213537	13700	151
SRR3622655_symbCounts.tsv	223762	210066	13558	138
SRR3622659_symbCounts.tsv	166361	155553	10672	136
SRR3622662_symbCounts.tsv	103743	98521	5077	145
SRR3622666_symbCounts.tsv	145267	139156	5966	145
SRR3622669_symbCounts.tsv	109534	103422	5806	306
SRR3622672_symbCounts.tsv	25487	3316	22025	146
SRR3622676_symbCounts.tsv	96703	91326	1771	3606
SRR3622678_symbCounts.tsv	95183	92281	306	2596
SRR3622680_symbCounts.tsv	90129	87203	270	2656
SRR3622682_symbCounts.tsv	125747	121190	223	4334
SRR3622685_symbCounts.tsv	141226	136672	233	4321
SRR3622688_symbCounts.tsv	162924	157765	240	4919
SRR3622692_symbCounts.tsv	158978	148072	10778	128
SRR3622695_symbCounts.tsv	10535	3351	7091	93
SRR3622698_symbCounts.tsv	27800	21880	5818	102
SRR3622702_symbCounts.tsv	92820	88374	4351	95
SRR3622705_symbCounts.tsv	95587	91294	4174	119
SRR3622708_symbCounts.tsv	92191	88278	3816	97
SRR3622711_symbCounts.tsv	114302	110544	3652	106
SRR3622712_symbCounts.tsv	135827	127912	7650	265
SRR3622713_symbCounts.tsv	150624	142237	8236	151
SRR3622717_symbCounts.tsv	106676	99861	6689	126
SRR3622719_symbCounts.tsv	16478	12237	4112	129
SRR3622722_symbCounts.tsv	125866	120675	5082	109
SRR3622726_symbCounts.tsv	79340	76764	2468	108
SRR3622729_symbCounts.tsv	234826	223292	11382	152
SRR3622732_symbCounts.tsv	125204	120252	4834	118
SRR3622736_symbCounts.tsv	39009	37144	1661	204
SRR3622739_symbCounts.tsv	110356	105831	648	3877
SRR3622742_symbCounts.tsv	267074	253354	2685	11035
SRR3622745_symbCounts.tsv	206320	196821	9327	172
SRR3622746_symbCounts.tsv	193343	186082	417	6844
SRR3622749_symbCounts.tsv	101250	96902	261	4087
SRR3622752_symbCounts.tsv	106905	102327	358	4220
SRR3622755_symbCounts.tsv	139807	134315	5176	316
SRR3622771_symbCounts.tsv	223073	211733	11124	216
SRR3622774_symbCounts.tsv	102726	99309	3313	104
SRR3622777_symbCounts.tsv	218256	208656	9466	134
SRR3622781_symbCounts.tsv	164246	155027	9067	152
SRR3622784_symbCounts.tsv	212558	204359	8070	129
SRR3622787_symbCounts.tsv	23003	5732	17168	103
SRR3622790_symbCounts.tsv	149573	141113	8348	112
SRR3622791_symbCounts.tsv	118176	114130	3942	104
SRR3622794_symbCounts.tsv	120190	115105	4964	121
SRR3622797_symbCounts.tsv	180113	172858	7128	127
SRR3622800_symbCounts.tsv	18542	15655	2789	98
SRR3622841_symbCounts.tsv	193074	183344	9596	134
SRR3622851_symbCounts.tsv	213562	201255	12178	129
SRR3622854_symbCounts.tsv	268648	253877	14618	153
SRR3622857_symbCounts.tsv	79456	73896	5458	102
SRR3622861_symbCounts.tsv	55297	52609	2598	90
SRR3622864_symbCounts.tsv	34934	2915	31880	139
SRR3622867_symbCounts.tsv	47971	4879	42922	170
SRR3622870_symbCounts.tsv	117144	112258	4779	107
SRR3622872_symbCounts.tsv	78808	75353	3362	93
SRR3622874_symbCounts.tsv	75474	71809	3567	98
SRR3622877_symbCounts.tsv	71964	69431	2443	90
SRR3622880_symbCounts.tsv	117562	111632	5787	143
SRR3622884_symbCounts.tsv	43120	39388	3409	323
SRR3622887_symbCounts.tsv	105743	100247	959	4537
SRR3622890_symbCounts.tsv	28143	26881	119	1143
SRR3622894_symbCounts.tsv	87948	84326	182	3440
SRR3622897_symbCounts.tsv	66933	64413	281	2239
SRR3622900_symbCounts.tsv	98887	95098	3573	216
SRR3622904_symbCounts.tsv	43841	42240	1517	84
SRR3622907_symbCounts.tsv	62067	59535	2452	80
SRR3622910_symbCounts.tsv	19778	3832	15792	154
SRR401853_symbCounts.tsv	6497385	6496189	554	642
SRR401854_symbCounts.tsv	6783769	6782625	502	642
SRR401855_symbCounts.tsv	7447090	7445940	520	630
SRR401856_symbCounts.tsv	6763438	6762303	516	619
SRR401857_symbCounts.tsv	7339671	7338545	500	626
SRR401858_symbCounts.tsv	7118089	7117025	472	592
SRR401859_symbCounts.tsv	6933976	6932796	550	630
SRR401860_symbCounts.tsv	7135988	7134851	498	639
SRR401861_symbCounts.tsv	7237016	7235869	478	669
SRR4029951_symbCounts.tsv	3784928	3133044	4192	647692
SRR4029952_symbCounts.tsv	2953974	2426315	3922	523737
SRR4029953_symbCounts.tsv	3216089	2624350	3657	588082
SRR4029954_symbCounts.tsv	3282189	2629578	3813	648798
SRR4029955_symbCounts.tsv	4320549	3720648	3850	596051
SRR4029956_symbCounts.tsv	1894492	1571215	2635	320642
SRR4029957_symbCounts.tsv	3329903	3010815	2936	316152
SRR4029958_symbCounts.tsv	3586803	3061637	3645	521521
SRR4029959_symbCounts.tsv	3503777	2779858	4142	719777
SRR4029960_symbCounts.tsv	3152824	2279624	4593	868607
SRR4029961_symbCounts.tsv	2779474	1664674	4717	1110083
SRR4029962_symbCounts.tsv	3085638	2475700	3674	606264
SRR4029963_symbCounts.tsv	2921611	2424358	3262	493991
SRR4029964_symbCounts.tsv	4119534	3256308	4539	858687
SRR4029965_symbCounts.tsv	3642984	2795701	4397	842886
SRR4029966_symbCounts.tsv	3440713	2956825	3268	480620
SRR4029967_symbCounts.tsv	3831688	2577254	5289	1249145
SRR4029968_symbCounts.tsv	3823982	2735753	4832	1083397
SRR4029969_symbCounts.tsv	3759622	2841623	4503	913496
SRR4029970_symbCounts.tsv	3309098	2580962	4066	724070
SRR4029971_symbCounts.tsv	4103726	3028606	4948	1070172
SRR4029972_symbCounts.tsv	3884930	2624699	4994	1255237
SRR4029973_symbCounts.tsv	3837566	2760153	4909	1072504
SRR4029974_symbCounts.tsv	2543824	1725529	4105	814190
SRR4029975_symbCounts.tsv	4448537	3146779	5661	1296097
SRR4029976_symbCounts.tsv	4453244	3517401	4649	931194
SRR4029977_symbCounts.tsv	3653989	2794181	4415	855393
SRR4029978_symbCounts.tsv	4798114	3341414	5831	1450869
SRR4029979_symbCounts.tsv	3520443	2124318	5458	1390667
SRR4029980_symbCounts.tsv	3294235	2221113	4976	1068146
SRR4029981_symbCounts.tsv	3588525	2855209	4493	728823
SRR4029982_symbCounts.tsv	3272457	2509754	4104	758599
SRR4029983_symbCounts.tsv	3226433	2178922	4877	1042634
SRR4029984_symbCounts.tsv	3247488	2225116	4566	1017806
SRR4029985_symbCounts.tsv	3989439	3097448	4572	887419
SRR4029986_symbCounts.tsv	3361313	2246427	5076	1109810
SRR4029987_symbCounts.tsv	3449362	2768280	4010	677072
SRR4029988_symbCounts.tsv	3315404	2700077	3943	611384
SRR4029989_symbCounts.tsv	3526312	2555979	4810	965523
SRR4029990_symbCounts.tsv	3700014	2520765	5135	1174114
SRR4029991_symbCounts.tsv	3702692	2755185	4684	942823
SRR4029992_symbCounts.tsv	3121340	2492066	3736	625538
SRR4029993_symbCounts.tsv	2824201	2327936	3680	492585
SRR4029994_symbCounts.tsv	3137346	2498670	3928	634748
SRR4029995_symbCounts.tsv	3072332	2306199	4066	762067
SRR4029996_symbCounts.tsv	3024358	2639216	2933	382209
SRR4029997_symbCounts.tsv	2961012	1590011	5548	1365453
SRR4029998_symbCounts.tsv	2692963	2400959	2757	289247
SRR4029999_symbCounts.tsv	2903183	2278112	3988	621083
SRR4030000_symbCounts.tsv	3859552	3337609	3635	518308
SRR4030001_symbCounts.tsv	3633969	3103645	3573	526751
SRR5190737_symbCounts.tsv	877704	704400	172929	375
SRR5190738_symbCounts.tsv	938934	788190	150446	298
SRR5190739_symbCounts.tsv	654124	523684	130117	323
SRR5190740_symbCounts.tsv	594714	457610	136845	259
SRR5190741_symbCounts.tsv	829194	609100	219722	372
SRR5190742_symbCounts.tsv	589172	465727	123202	243
SRR5190743_symbCounts.tsv	642424	505034	137111	279
SRR5190744_symbCounts.tsv	583653	460213	123181	259
SRR5190745_symbCounts.tsv	568598	474225	94153	220
SRR5190746_symbCounts.tsv	669745	534526	130379	4840
SRR5190747_symbCounts.tsv	719998	570845	148841	312
SRR5190748_symbCounts.tsv	642435	529126	113041	268
SRR5190749_symbCounts.tsv	435901	352637	83053	211
SRR5190750_symbCounts.tsv	548840	436569	112033	238
SRR5190751_symbCounts.tsv	1238691	1010809	227470	412
SRR5190752_symbCounts.tsv	465068	379560	85297	211
SRR5190753_symbCounts.tsv	490994	373546	117212	236
SRR5190754_symbCounts.tsv	434250	338338	95661	251
SRR5190755_symbCounts.tsv	889314	705334	183600	380
SRR5190756_symbCounts.tsv	434315	375770	58346	199
SRR5190757_symbCounts.tsv	614098	499629	114213	256
SRR5190758_symbCounts.tsv	529463	445789	83464	210
SRR5190759_symbCounts.tsv	521446	393304	127857	285
SRR5190760_symbCounts.tsv	770187	594273	175547	367
SRR5190761_symbCounts.tsv	1141856	971311	170162	383
SRR5190762_symbCounts.tsv	809331	650866	158148	317
SRR5190763_symbCounts.tsv	737465	605055	132128	282
SRR5190764_symbCounts.tsv	665713	524529	140882	302
SRR5190765_symbCounts.tsv	745112	573878	170912	322
SRR5190766_symbCounts.tsv	396324	304680	91420	224
SRR5190767_symbCounts.tsv	651948	524844	126803	301
SRR5190768_symbCounts.tsv	1005457	812713	192363	381
SRR5190769_symbCounts.tsv	812730	652990	159431	309
SRR5190770_symbCounts.tsv	457772	349354	108151	267
SRR5190771_symbCounts.tsv	867043	675056	191643	344
SRR5190772_symbCounts.tsv	537523	438052	99224	247
SRR5190773_symbCounts.tsv	705075	538855	165911	309
SRR5190774_symbCounts.tsv	526320	445185	80883	252
SRR5190775_symbCounts.tsv	771909	663513	108084	312
SRR5190776_symbCounts.tsv	570529	465584	104687	258
SRR5190777_symbCounts.tsv	486917	396016	90694	207
SRR5190778_symbCounts.tsv	574847	439667	126427	8753
SRR5190779_symbCounts.tsv	587732	493106	94348	278
SRR5190780_symbCounts.tsv	622155	504287	117609	259
SRR5190781_symbCounts.tsv	768767	590051	178323	393
SRR5190782_symbCounts.tsv	893670	715621	177728	321
SRR5190783_symbCounts.tsv	576001	458340	117393	268
SRR5190784_symbCounts.tsv	567500	462444	104793	263
SRR5190785_symbCounts.tsv	597735	457381	140038	316
SRR5190786_symbCounts.tsv	747155	562219	184585	351
SRR5190787_symbCounts.tsv	1005946	795273	210268	405
SRR5190788_symbCounts.tsv	489349	376063	113014	272
SRR5190789_symbCounts.tsv	840819	650007	190449	363
SRR5190790_symbCounts.tsv	595838	473159	122395	284
SRR5190791_symbCounts.tsv	1357775	1142227	215096	452
SRR5190792_symbCounts.tsv	653922	502797	150834	291
SRR5190793_symbCounts.tsv	627818	471081	156434	303
SRR5190794_symbCounts.tsv	745122	541709	203071	342
SRR5190795_symbCounts.tsv	525038	433576	90258	1204
SRR5236067_symbCounts.tsv	17665820	15274058	2386327	5435
SRR5236068_symbCounts.tsv	22926239	19641117	3277514	7608
SRR5236069_symbCounts.tsv	19245789	16159682	3078738	7369
SRR5236070_symbCounts.tsv	13915752	11427729	2482487	5536
SRR5343281_symbCounts.tsv	218319	218174	89	56
SRR5343282_symbCounts.tsv	469428	469209	132	87
SRR5343283_symbCounts.tsv	321542	321345	125	72
SRR5343284_symbCounts.tsv	320980	320772	127	81
SRR5343285_symbCounts.tsv	428770	428567	130	73
SRR5343286_symbCounts.tsv	448702	448471	138	93
SRR5343287_symbCounts.tsv	285820	285622	124	74
SRR5343288_symbCounts.tsv	443220	443002	137	81
SRR5343289_symbCounts.tsv	545609	545414	121	74
SRR5343290_symbCounts.tsv	315719	315533	113	73
SRR5343291_symbCounts.tsv	323946	323735	130	81
SRR5343292_symbCounts.tsv	308419	308208	133	78
SRR5343293_symbCounts.tsv	299522	299331	116	75
SRR5343294_symbCounts.tsv	389385	389198	112	75
SRR5343295_symbCounts.tsv	262853	262684	105	64
SRR5343296_symbCounts.tsv	329207	329011	120	76
SRR5343297_symbCounts.tsv	479954	479730	131	93
SRR5343298_symbCounts.tsv	348541	348332	128	81
SRR5343299_symbCounts.tsv	474366	474169	128	69
SRR5343300_symbCounts.tsv	504968	504755	131	82
SRR5343301_symbCounts.tsv	480538	480321	138	79
SRR5343302_symbCounts.tsv	234323	234140	111	72
SRR5343303_symbCounts.tsv	271195	271003	112	80
SRR5343304_symbCounts.tsv	336468	336268	121	79
SRR5343305_symbCounts.tsv	350914	350726	117	71
SRR5343306_symbCounts.tsv	476229	476009	136	84
SRR5343307_symbCounts.tsv	320901	320725	112	64
SRR5343308_symbCounts.tsv	434211	433994	127	90
SRR5343309_symbCounts.tsv	394351	394167	114	70
SRR5343310_symbCounts.tsv	542733	542474	149	110
SRR5343311_symbCounts.tsv	382977	382779	129	69
SRR5343312_symbCounts.tsv	495541	495320	140	81
SRR5343313_symbCounts.tsv	469564	469347	133	84
SRR5343314_symbCounts.tsv	408785	408566	137	82
SRR5343315_symbCounts.tsv	466737	466521	128	88
SRR5343316_symbCounts.tsv	335189	334966	137	86
SRR5343317_symbCounts.tsv	258614	258448	110	56
SRR5343318_symbCounts.tsv	374350	374150	124	76
SRR5343319_symbCounts.tsv	395287	395070	127	90
SRR5343320_symbCounts.tsv	281893	281692	127	74
SRR5343321_symbCounts.tsv	462376	462177	123	76
SRR5343322_symbCounts.tsv	468084	467858	136	90
SRR5343323_symbCounts.tsv	490048	489839	134	75
SRR5343324_symbCounts.tsv	558441	558218	141	82
SRR5343325_symbCounts.tsv	571741	571511	140	90
SRR5343326_symbCounts.tsv	406571	406368	129	74
SRR5343327_symbCounts.tsv	360458	360253	125	80
SRR5343328_symbCounts.tsv	407449	407236	136	77
SRR5362791_symbCounts.tsv	4433166	3435246	6211	991709
SRR5362792_symbCounts.tsv	2080229	1519176	494469	66584
SRR5362793_symbCounts.tsv	1577909	1167788	3349	406772
SRR5362794_symbCounts.tsv	2545992	1735784	4779	805429
SRR5362795_symbCounts.tsv	2628962	1844374	4683	779905
SRR5362796_symbCounts.tsv	3785025	2426377	5682	1352966
SRR5362797_symbCounts.tsv	2111928	1563100	545266	3562
SRR5362798_symbCounts.tsv	3720688	2732883	983794	4011
SRR5362799_symbCounts.tsv	2604399	2122036	5408	476955
SRR5362800_symbCounts.tsv	3589860	2605859	8388	975613
SRR5362801_symbCounts.tsv	760985	760906	15	64
SRR5362802_symbCounts.tsv	3633181	2697002	825739	110440
SRR5362803_symbCounts.tsv	1640575	1346070	2660	291845
SRR5362804_symbCounts.tsv	5673987	4402362	1260524	11101
SRR5362805_symbCounts.tsv	2862232	2267552	4274	590406
SRR5362806_symbCounts.tsv	2522562	1915394	148334	458834
SRR5362807_symbCounts.tsv	3233431	2155621	524961	552849
SRR5362808_symbCounts.tsv	3231275	2641102	585324	4849
SRR5362809_symbCounts.tsv	2955919	2346880	605307	3732
SRR5362810_symbCounts.tsv	4691411	3584849	1101977	4585
SRR5362811_symbCounts.tsv	3521443	2608929	6536	905978
SRR5362812_symbCounts.tsv	2271014	1983629	4287	283098
SRR5362813_symbCounts.tsv	2331531	1820490	504654	6387
SRR5362814_symbCounts.tsv	3258860	2522071	730970	5819
SRR5362815_symbCounts.tsv	1898015	1410238	278522	209255
SRR5362816_symbCounts.tsv	2007647	1567015	3753	436879
SRR5362817_symbCounts.tsv	3242051	2559330	678732	3989
SRR5362818_symbCounts.tsv	2088873	1775215	311486	2172
SRR5362819_symbCounts.tsv	2618414	2346182	259524	12708
SRR5362820_symbCounts.tsv	1314328	878146	434300	1882
SRR5362821_symbCounts.tsv	2590296	2235883	352206	2207
SRR5362822_symbCounts.tsv	3172224	2596441	571151	4632
SRR5362823_symbCounts.tsv	1721426	1578536	140620	2270
SRR5362824_symbCounts.tsv	4082938	2985978	1092886	4074
SRR5362825_symbCounts.tsv	3528969	2491671	325558	711740
SRR5362826_symbCounts.tsv	2733152	2076231	4373	652548
SRR5362827_symbCounts.tsv	2501954	1979171	3772	519011
SRR5362828_symbCounts.tsv	5666819	4172299	7283	1487237
SRR5367050_symbCounts.tsv	2723143	2722453	357	333
SRR5367051_symbCounts.tsv	2591974	2591343	353	278
SRR5367052_symbCounts.tsv	2383712	2383097	343	272
SRR5367053_symbCounts.tsv	2185350	2173789	1127	10434
SRR5367054_symbCounts.tsv	2500874	2482505	1575	16794
SRR5367055_symbCounts.tsv	2667814	2666604	633	577
SRR5367056_symbCounts.tsv	2190081	2189429	344	308
SRR5367057_symbCounts.tsv	2209107	2208479	341	287
SRR5367058_symbCounts.tsv	2419976	2419330	343	303
SRR5367059_symbCounts.tsv	2756600	2751719	853	4028
SRR5367060_symbCounts.tsv	2696465	2694545	593	1327
SRR5367061_symbCounts.tsv	2600397	2594541	1753	4103
SRR5367062_symbCounts.tsv	2483203	2482520	366	317
SRR5367063_symbCounts.tsv	2568904	2568246	368	290
SRR5367064_symbCounts.tsv	2721471	2720811	358	302
SRR5367065_symbCounts.tsv	2537545	2534963	513	2069
SRR5367066_symbCounts.tsv	2596469	2594870	423	1176
SRR5367067_symbCounts.tsv	2522949	2521337	446	1166
SRR5374529_symbCounts.tsv	7939684	5601650	2329309	8725
SRR5374530_symbCounts.tsv	9306805	6904667	2392922	9216
SRR5374531_symbCounts.tsv	8729197	6424648	2295637	8912
SRR5374532_symbCounts.tsv	9966628	7044774	2910186	11668
SRR5374533_symbCounts.tsv	5782211	4049157	1726533	6521
SRR5374534_symbCounts.tsv	7336620	5065815	2264919	5886
SRR5374535_symbCounts.tsv	5421701	3810385	1606153	5163
SRR5374536_symbCounts.tsv	7558206	5642191	1908906	7109
SRR5374537_symbCounts.tsv	10431908	7599217	2821629	11062
SRR5374538_symbCounts.tsv	7632019	5539121	2086006	6892
SRR5374539_symbCounts.tsv	7515333	5889902	1619817	5614
SRR5374540_symbCounts.tsv	6175836	4901267	1270127	4442
SRR5374541_symbCounts.tsv	6313315	4870077	1438580	4658
SRR5374542_symbCounts.tsv	5310576	3651539	1653514	5523
SRR5374543_symbCounts.tsv	8776520	5978601	2789075	8844
SRR5374544_symbCounts.tsv	9070489	6576813	2486118	7558
SRR5374545_symbCounts.tsv	5799278	4215674	1577974	5630
SRR5374546_symbCounts.tsv	7000403	4589881	2402171	8351
SRR5374547_symbCounts.tsv	7706888	7705934	726	228
SRR5374548_symbCounts.tsv	5863384	5862964	273	147
SRR5374549_symbCounts.tsv	9529023	9528371	398	254
SRR5374550_symbCounts.tsv	9543183	9541741	1094	348
SRR5374551_symbCounts.tsv	8922277	8921258	770	249
SRR5374552_symbCounts.tsv	7475971	7475228	518	225
SRR5374553_symbCounts.tsv	10419463	10418488	721	254
SRR5374554_symbCounts.tsv	7741010	7739123	1689	198
SRR5374555_symbCounts.tsv	9168754	9168134	425	195
SRR5374556_symbCounts.tsv	7733595	7732989	409	197
SRR5374557_symbCounts.tsv	5749141	5748541	457	143
SRR5374558_symbCounts.tsv	8128269	8127493	598	178
SRR5374559_symbCounts.tsv	8408093	8407114	744	235
SRR5374560_symbCounts.tsv	6623398	6622806	418	174
SRR5374561_symbCounts.tsv	6700979	6700514	311	154
SRR5374562_symbCounts.tsv	9790115	9789340	504	271
SRR5374563_symbCounts.tsv	9408718	9407992	482	244
SRR5374564_symbCounts.tsv	9206622	9205837	520	265
SRR5374565_symbCounts.tsv	8129425	8128882	343	200
SRR5374566_symbCounts.tsv	4957026	4956556	319	151
SRR5374567_symbCounts.tsv	7728696	7726357	2133	206
SRR5374568_symbCounts.tsv	5571335	5570836	328	171
SRR6064903_symbCounts.tsv	5671855	4611802	1056143	3910
SRR6064904_symbCounts.tsv	4049419	3104664	941700	3055
SRR6064905_symbCounts.tsv	3389194	3097358	289919	1917
SRR6064906_symbCounts.tsv	3491338	3071697	417322	2319
SRR6064907_symbCounts.tsv	3539955	2272894	1264521	2540
SRR6064908_symbCounts.tsv	3055293	2615696	438397	1200
SRR6064909_symbCounts.tsv	3329793	711258	2613981	4554
SRR6064910_symbCounts.tsv	3801197	2880529	918655	2013
SRR6064911_symbCounts.tsv	5016798	4192555	821518	2725
SRR6064912_symbCounts.tsv	3802582	3437773	362842	1967
SRR6064913_symbCounts.tsv	2409541	494746	1911158	3637
SRR6064914_symbCounts.tsv	4255996	3517883	736094	2019
SRR6064915_symbCounts.tsv	3583453	3458110	123779	1564
SRR6064916_symbCounts.tsv	4074372	3755483	317235	1654
SRR6064917_symbCounts.tsv	3907845	3231855	673274	2716
SRR6064918_symbCounts.tsv	4471270	3753146	715545	2579
SRR6064919_symbCounts.tsv	4599145	4248419	349276	1450
SRR6064920_symbCounts.tsv	4502730	4200704	301030	996
SRR6064921_symbCounts.tsv	5200927	4382539	815155	3233
SRR6064922_symbCounts.tsv	4750737	4342137	406040	2560
SRR6064923_symbCounts.tsv	3324213	3222580	100779	854
SRR6064924_symbCounts.tsv	4679623	4027856	649367	2400
SRR6064925_symbCounts.tsv	196164	161395	34491	278
SRR6064926_symbCounts.tsv	4348407	4143066	203690	1651
SRR6064927_symbCounts.tsv	5072281	4694177	375590	2514
SRR6064928_symbCounts.tsv	4198604	3992804	203881	1919
SRR6064929_symbCounts.tsv	4039058	3483534	553469	2055
SRR6064930_symbCounts.tsv	4421354	4084754	334941	1659
SRR6064931_symbCounts.tsv	4269681	3823703	443193	2785
SRR6064932_symbCounts.tsv	4591300	3886395	702743	2162
SRR629089_symbCounts.tsv	979416	203615	2857	772944
SRR629090_symbCounts.tsv	1416544	518005	3263	895276
SRR629091_symbCounts.tsv	2928865	1273001	6600	1649264
SRR629092_symbCounts.tsv	1580526	730891	3139	846496
SRR629093_symbCounts.tsv	1520670	559344	4186	957140
SRR629094_symbCounts.tsv	1566183	762165	4416	799602
SRR629095_symbCounts.tsv	1264929	555846	4585	704498
SRR629096_symbCounts.tsv	1890167	873237	4511	1012419
SRR629126_symbCounts.tsv	1461434	464283	4463	992688
SRR629127_symbCounts.tsv	1116583	443558	3400	669625
SRR629128_symbCounts.tsv	569502	163535	2181	403786
SRR629129_symbCounts.tsv	2067933	1727669	337571	2693
SRR629130_symbCounts.tsv	807771	628554	177075	2142
SRR629131_symbCounts.tsv	1781688	1016777	761002	3909
SRR629132_symbCounts.tsv	1199064	748790	441562	8712
SRR629133_symbCounts.tsv	1876796	834399	5234	1037163
SRR629134_symbCounts.tsv	1394480	638850	752269	3361
SRR629135_symbCounts.tsv	803490	225542	445138	132810
SRR629136_symbCounts.tsv	257135	79551	157807	19777
SRR629150_symbCounts.tsv	1660663	1054513	590409	15741
SRR629151_symbCounts.tsv	1485601	598111	862946	24544
SRR629152_symbCounts.tsv	1139200	976038	34880	128282
SRR629153_symbCounts.tsv	2528698	2223313	14927	290458
SRR629154_symbCounts.tsv	1811997	954105	850468	7424
SRR629155_symbCounts.tsv	1434444	589082	841511	3851
SRR629156_symbCounts.tsv	216859	80524	105210	31125
SRR629157_symbCounts.tsv	1219104	685274	530844	2986
SRR629158_symbCounts.tsv	2091586	756035	1295046	40505
SRR629159_symbCounts.tsv	1313555	397024	894538	21993
SRR6396371_symbCounts.tsv	2967650	2678345	288691	614
SRR6396372_symbCounts.tsv	3828690	3725789	102515	386
SRR6396373_symbCounts.tsv	2888289	2869774	18280	235
SRR6396374_symbCounts.tsv	1932244	1931558	346	340
SRR6396375_symbCounts.tsv	2368329	2367638	319	372
SRR6396376_symbCounts.tsv	1924870	1924403	221	246
SRR6396377_symbCounts.tsv	3233201	3232143	520	538
SRR6396378_symbCounts.tsv	1172093	1171638	230	225
SRR6396379_symbCounts.tsv	3326612	3326116	197	299
SRR6396380_symbCounts.tsv	2969735	2968919	438	378
SRR6396381_symbCounts.tsv	2997424	2996330	611	483
SRR6396382_symbCounts.tsv	3067979	3067534	225	220
SRR7347322_symbCounts.tsv	193377	159484	33618	275
SRR7347323_symbCounts.tsv	212534	158110	53931	493
SRR7347324_symbCounts.tsv	344837	273318	71176	343
SRR7347325_symbCounts.tsv	309197	233813	74967	417
SRR7347326_symbCounts.tsv	193368	133447	59649	272
SRR7347327_symbCounts.tsv	157650	103846	53581	223
SRR7347328_symbCounts.tsv	199911	149843	49762	306
SRR7347329_symbCounts.tsv	425437	303814	121274	349
SRR7347330_symbCounts.tsv	223950	190803	31137	2010
SRR7347331_symbCounts.tsv	370950	261878	108658	414
SRR7347332_symbCounts.tsv	266849	211373	33775	21701
SRR7347333_symbCounts.tsv	31817	24320	5154	2343
SRR7347334_symbCounts.tsv	32620	27157	5377	86
SRR7347335_symbCounts.tsv	198795	143170	55401	224
SRR7347336_symbCounts.tsv	182780	151309	31278	193
SRR7347337_symbCounts.tsv	309111	245323	63431	357
SRR7347338_symbCounts.tsv	155232	118828	36181	223
SRR7347339_symbCounts.tsv	199777	149079	50430	268
SRR7347340_symbCounts.tsv	280351	218819	61159	373
SRR7347341_symbCounts.tsv	218631	171032	47312	287
SRR7347342_symbCounts.tsv	210837	161311	49268	258
SRR7347343_symbCounts.tsv	210838	144449	66124	265
SRR7347344_symbCounts.tsv	350403	254547	95495	361
SRR7347345_symbCounts.tsv	228468	197544	30688	236
SRR7347346_symbCounts.tsv	203784	144139	59303	342
SRR7347347_symbCounts.tsv	220879	190479	30144	256
SRR7347348_symbCounts.tsv	191594	145215	46088	291
SRR7347349_symbCounts.tsv	160752	136900	23643	209
SRR7347350_symbCounts.tsv	308357	227776	80231	350
SRR7347351_symbCounts.tsv	338088	266202	71513	373
SRR7347352_symbCounts.tsv	35716	27449	8150	117
SRR7347353_symbCounts.tsv	125660	103704	21746	210
SRR7347354_symbCounts.tsv	190620	163706	26715	199
SRR7347355_symbCounts.tsv	252423	178778	73327	318
SRR7347356_symbCounts.tsv	410868	315537	95055	276
SRR7347357_symbCounts.tsv	259989	186530	73182	277
SRR7347358_symbCounts.tsv	361684	299744	61641	299
SRR7347359_symbCounts.tsv	298225	233740	64172	313
SRR7347360_symbCounts.tsv	219514	176880	42373	261
SRR7347361_symbCounts.tsv	176431	141960	34240	231
SRR7347362_symbCounts.tsv	200336	152733	47349	254
SRR7347363_symbCounts.tsv	181889	162253	19411	225
SRR835875_symbCounts.tsv	806414	752406	53393	615
SRR835876_symbCounts.tsv	905977	841154	64176	647
SRR835877_symbCounts.tsv	685206	549003	135209	994
SRR835878_symbCounts.tsv	1115090	874826	238896	1368
SRR835879_symbCounts.tsv	802137	682155	119081	901
SRR835880_symbCounts.tsv	1110639	964800	144653	1186
SRR835881_symbCounts.tsv	538418	440275	97521	622
SRR835882_symbCounts.tsv	1658458	1378221	278706	1531
SRR835883_symbCounts.tsv	248514	152078	95925	511
SRR835884_symbCounts.tsv	1091185	770619	318941	1625
SRR835885_symbCounts.tsv	427850	280949	146104	797
SRR835886_symbCounts.tsv	1543083	1136057	404954	2072
SRR835887_symbCounts.tsv	287451	201226	85824	401
SRR835888_symbCounts.tsv	1559482	1228603	329206	1673
SRR835889_symbCounts.tsv	1294897	1037849	255850	1198
SRR835890_symbCounts.tsv	1752774	1534004	217386	1384
SRR835891_symbCounts.tsv	1740403	1450266	288627	1510
SRR835892_symbCounts.tsv	498711	422172	76080	459
SRR835893_symbCounts.tsv	1975256	1709324	264574	1358
SRR835894_symbCounts.tsv	1699237	1453855	243962	1420
SRR835895_symbCounts.tsv	1151869	980069	170728	1072
SRR835896_symbCounts.tsv	705833	603627	101513	693
